street_number,latitude,longitude,name_and_business,icon
237,-31.94815173,115.8594664,A J Cambridge & Co. Estate Agents,icon_1920
183,-31.94951054,115.8586061,A Krakour. Clothier,icon_1920
185,-31.9494492,115.8585526,A Krakour. Clothier,icon_1920
187,-31.94944527,115.8587148,A Passaris. Oyster Saloon,icon_1920
219,-31.94852713,115.8593428,Albany Bell Ltd. Confectioners,icon_1920
201,-31.94911609,115.8590955,"Albert Hutchins, Bootmaker",icon_1920
257,-31.94760683,115.8598396,"Alex Patman, Wine Saloon, Confectioner & Fruiterer",icon_1920
321,-31.94610856,115.8609936,Alex Trouchet. Chemist,icon_1920
287,-31.94692308,115.8602985,"Alfred Juleff, Fruiterer & Confectioner",icon_1920
317,-31.94637922,115.8608135,Alfred S Locke. Eye Agt,icon_1920
393,-31.9444653,115.8620602,Ambrose H Major. Butcher,icon_1920
319,-31.94620335,115.8606847,"Arthur Barnard, Fruiterer & Confectioner",icon_1920
289,-31.94683119,115.8602775,Arthur O'Donnell. Hairdresser & Tobacconist,icon_1920
310,-31.94673274,115.8611876,"Ben Jones, Boot Dealer & Maker",icon_1920
312,-31.94659069,115.8610531,"Ben Jones, Boot Dealer & Maker",icon_1920
284,-31.94720853,115.8606896,"Bennett & Burnside, Grocers",icon_1920
415,-31.94394138,115.8621929,Bernhardt Santinover. Picture Frame Maker,icon_1920
453,-31.94303548,115.8627134,Bert Mantova,icon_1920
277,-31.9472843,115.8601413,Blue Bros. Drapers & Iron Mongers,icon_1920
281,-31.94721902,115.8600186,Blue Bros. Drapers & Iron Mongers,icon_1920
253,-31.94776862,115.8599617,Britannia Coffee Palace. D. Bevan & W. Johns (proprietors),icon_1920
255,-31.9476946,115.8598678,Britannia Coffee Palace. D. Bevan & W. Johns (proprietors),icon_1920
430,-31.94395913,115.8630993,C H Fielder. Grocer,icon_1920
263,-31.94758099,115.860048,C Strickland. Tailor,icon_1920
295,-31.94670076,115.8605385,Chas H Nielson,icon_1920
414,-31.94425214,115.8628364,David Calvin,icon_1920
178,-31.94968645,115.8591091,Davies-Franklin Agency (J Turnbull manager),icon_1920
184,-31.94963988,115.8592832,Dennis Florias. Oyster Saloon,icon_1920
320,-31.94656194,115.8613236,Dewar & Walsh Grocers; Fred T Walsh (D & W),icon_1920
292,-31.94704881,115.8607627,"Du Rieu, Nurse",icon_1920
215,-31.94860366,115.8592193,"E E Jones, Hairdresser & Tobacconist",icon_1920
449,-31.9431105,115.8626592,Edward Ward,icon_1920
445,-31.94317471,115.8626471,Edwin S Chamberlain,icon_1920
425,-31.94383742,115.862405,"Edwin Sara, Grocer",icon_1920
451,-31.94313168,115.8628801,Ernest R Curling,icon_1920
437,-31.94327966,115.8625694,Frederick G Nicolla,icon_1920
362,-31.94541215,115.8618388,Frederick R Flowler,icon_1920
383,-31.94459605,115.861795,"Fredrick Kendall, Smallgoods",icon_1920
384,-31.94492482,115.8623108,George Way. Herbalist,icon_1920
247,-31.94779455,115.8596969,Gleeson Jno. Hairdresser & Tobacconist,icon_1920
280,-31.94743696,115.8606579,"Goanna Salve Ltd (H W Stead, manager)",icon_1920
274,-31.94753361,115.8605314,Goon Goon Laundry,icon_1920
168,-31.95000265,115.8591271,Governor Broome Hotel. W J Davis,icon_1920
209,-31.94879218,115.8590149,Great Western Hotel.  F R Chalk.,icon_1920
454,-31.94330684,115.8634609,H Camruddin. Store,icon_1920
285,-31.94699336,115.8604396,H J Collier Smallgoods,icon_1920
346,-31.94573147,115.8617851,"Hankin and Thompson, Signwriters",icon_1920
374,-31.94524561,115.8622785,Harry Smith,icon_1920
189,-31.94923865,115.8586692,Harry T Dermer. Stationer,icon_1920
241,-31.94805008,115.8594873,Harry. G. Campbell. Cycle Depot,icon_1920
176,-31.94983733,115.859171,"Hedley J Hollway, Tobacconist and Hairdresser (R,S)",icon_1920
235,-31.94832545,115.8596361,Heinrich Schmidt senior. Lock & Gunsmith,icon_1920
207,-31.94887026,115.8592546,Hing Wing & Co. Fruiterers & Greengrocers,icon_1920
447,-31.94317815,115.862849,Hy Bowley,icon_1920
421,-31.94392889,115.8623776,Hy Walton,icon_1920
339,-31.94563271,115.8612673,"I Berinshan, Bag Merchant",icon_1920
234,-31.9484343,115.8599336,I Mossensen Watchmaker,icon_1920
282,-31.94738662,115.8605285,I Rotenberg Butcher,icon_1920
458,-31.94317053,115.8634753,J C Manson. Fruiterer,icon_1920
388,-31.94488685,115.8625181,J. C. Loong. Laundry,icon_1920
411,-31.94401476,115.8621415,James Coats,icon_1920
350,-31.94557958,115.8616937,"Jas Feakes, Butcher",icon_1920
352,-31.94566805,115.8619533,"Jas Feakes, Butcher",icon_1920
330,-31.94615177,115.8615844,Jas Flood,icon_1920
304,-31.94677383,115.8609388,Jas Graham,icon_1920
364,-31.94546706,115.8620788,Jas J P George. Prod. Mcht,icon_1920
252,-31.94796273,115.8603254,Jno Duffy. Boarding House,icon_1920
254,-31.94785313,115.8602485,Jno Duffy. Boarding House,icon_1920
256,-31.94786143,115.8604355,Jno Duffy. Boarding House,icon_1920
258,-31.94774358,115.8603122,Jno Duffy. Boarding House,icon_1920
167,-31.94972357,115.8587251,Jno G McGregor. Produce Merchant,icon_1920
190,-31.94952101,115.8595124,Jno H George Fruitier and Confectioner,icon_1920
344,-31.94577926,115.8615625,"Jno J McGavin, tinsmith",icon_1920
399,-31.94421291,115.8618797,Jno Polley,icon_1920
245,-31.94790057,115.8597413,Jno. Mallard. Grocerer  & Fruiterer,icon_1920
381,-31.94435912,115.8615262,"Jno. S Pryor, Hairdresser & Tobacconist",icon_1920
272,-31.94758571,115.8606067,Jos Richards Bootmaker,icon_1920
426,-31.94410551,115.8630128,Joseph Herman,icon_1920
334,-31.9460755,115.8615023,Joseph Rosenfeldt,icon_1920
428,-31.94378164,115.8627917,"L Lawson, Wine Saloon",icon_1920
240,-31.94836263,115.8600935,Lee Hang Laundry,icon_1920
191,-31.94921084,115.8587564,Louis Boxhorn. Watchmaker,icon_1920
456,-31.94330654,115.8632512,"M Segal, Bootmaker",icon_1920
342,-31.94589898,115.8616821,"M Segal, Grocer",icon_1920
267,-31.94741123,115.8599239,"Manchester Unity Hall (A S Green, Grand Secretary)",icon_1920
432,-31.94370457,115.8628365,Mandel Brown. Bootmaker,icon_1920
204,-31.94910508,115.8594716,"Mary A Daniels Furniture Dealer; Jas Wilson; William Daniels, Carrier",icon_1920
419,-31.9438381,115.8621986,Matthew Knight,icon_1920
418,-31.94407336,115.862758,Michael Pascoe,icon_1920
249,-31.94787514,115.8598954,Miss A Purcell. Small goods,icon_1920
452,-31.94322058,115.8631956,Miss D Horn. Drapery And Hardware,icon_1920
459,-31.94292947,115.862966,"Miss E B Anderson, Storekeeper; Savings Bank Agency, (Miss E B Anderson Agent)",icon_1920
246,-31.94806741,115.860118,Miss I Wiggins Dressmaker,icon_1920
231,-31.94829655,115.859481,Miss M McCradden. Lodging House,icon_1920
356,-31.94562702,115.8620512,"Misses C & S O'Neill, Fancy Goods",icon_1920
427,-31.94347402,115.8624159,Mohammedan Mosque (Ayar Mohamed),icon_1920
402,-31.94458595,115.8626655,Mrs A J Dornan. News Agent,icon_1920
375,-31.94445587,115.8613931,Mrs A M Cocking,icon_1920
457,-31.94292954,115.8627757,Mrs A Norman,icon_1920
221,-31.94854888,115.859505,"Mrs A Rickard, Dressmaker",icon_1920
389,-31.94461451,115.8619566,Mrs A Turrell. Confectioner,icon_1920
370,-31.9453465,115.8622288,Mrs A Ward,icon_1920
236,-31.94846629,115.8601242,Mrs B H Curtis. Confectioner,icon_1920
407,-31.94414083,115.8621828,Mrs B M Vowles,icon_1920
377,-31.94479557,115.8617859,Mrs B Truscott,icon_1920
433,-31.94331671,115.8625415,Mrs C J Stodart,icon_1920
214,-31.94889152,115.8597856,Mrs C Penny. Lodging house,icon_1920
182,-31.94961182,115.8591643,Mrs C Stephens Fruitier and Confectioner,icon_1920
420,-31.94415103,115.862895,Mrs Charlotte Simmons,icon_1920
382,-31.94503476,115.8624297,Mrs Clara Johnson. Lodging House,icon_1920
186,-31.94964478,115.8593823,Mrs E Cousins Wine Saloon,icon_1920
397,-31.94431133,115.8619698,Mrs E Gibson,icon_1920
239,-31.948225,115.8596079,Mrs E Griffiths. Stationer,icon_1920
424,-31.94403318,115.8629041,Mrs E Holliday,icon_1920
340,-31.94597423,115.8615846,"Mrs E M White, Smallgoods",icon_1920
385,-31.94443883,115.8617009,Mrs E Moran. Dressmaker,icon_1920
404,-31.94441523,115.8624706,Mrs E Willson. Draper,icon_1920
233,-31.94822479,115.8593127,Mrs Ethel Jones,icon_1920
410,-31.94442476,115.8628137,Mrs Eva Wray,icon_1920
358,-31.94544427,115.8617538,Mrs H Gibbon. Grocer,icon_1920
403,-31.94422569,115.8621229,Mrs H Wood,icon_1920
372,-31.94516584,115.8619659,Mrs J Griffiths,icon_1920
441,-31.94336932,115.8627794,Mrs J Sells,icon_1920
308,-31.94672418,115.8610345,"Mrs J Slater, Dressmaker",icon_1920
296,-31.94697128,115.8608216,Mrs K McDonald. Lodging house,icon_1920
208,-31.94901456,115.8595249,Mrs L Stephens,icon_1920
286,-31.94713418,115.8607057,Mrs M Booker. Lodging House,icon_1920
387,-31.94450773,115.8618146,Mrs M C Lee. Whte Wk; Daniel Hardy,icon_1920
406,-31.94446317,115.8626812,Mrs M Cooke. Fish Shop,icon_1920
326,-31.94624834,115.8614269,Mrs M E Kelly Fancy Goods,icon_1920
218,-31.94878507,115.8597836,Mrs M Quinn. Lodging House,icon_1920
392,-31.94477952,115.8623938,Mrs M Thomson,icon_1920
391,-31.94448515,115.861924,Mrs M Toogood. Laundry,icon_1920
229,-31.94844319,115.8595764,Mrs Martha Hall,icon_1920
210,-31.94894959,115.8596304,"Mrs Mary Wilson, Boarding house",icon_1920
223,-31.94844474,115.8592411,"Mrs Matthews, Dealer",icon_1920
338,-31.94589333,115.8615139,"Mrs May Hellen, Ham and Beef",icon_1920
440,-31.94349072,115.8629884,Mrs N Kennedy,icon_1920
378,-31.94517546,115.8623372,Mrs N O'Leary. Lodging House,icon_1920
413,-31.94410309,115.8622781,"Mrs N Smythe, Small Goods",icon_1920
181,-31.94954489,115.8586796,Mrs P J Byrnes. Small Goods,icon_1920
354,-31.94555065,115.8618762,"Mrs R Thomas, Fruiterer & Confectioner; David W Thomas",icon_1920
460,-31.94308452,115.8632627,Mrs S Jones. Fruiterer & Confectioner,icon_1920
224,-31.94865631,115.8599597,Mrs T Rosmanich. Lodging House,icon_1920
192,-31.94954917,115.8593296,National Bank of Australasia Ltd,icon_1920
227,-31.94834561,115.8592294,"Owen Trevett, Butcher",icon_1920
380,-31.94494255,115.8621159,Patrick Ryan,icon_1920
198,-31.94933774,115.8594533,"Perth Hostel (E J Formeman, Manager)",icon_1920
202,-31.94926489,115.8596251,Phillip Rosen Pawn Broker,icon_1920
169,-31.94964678,115.8585799,Power Bros. Plumbers,icon_1920
278,-31.94746348,115.860582,"Robert J Milligan, Tobacconist",icon_1920
232,-31.94853875,115.8600518,S Lazell Herbalist,icon_1920
203,-31.9488892,115.8591715,S Lucas. Fish Shop,icon_1920
173,-31.9496606,115.8587358,Samuel Goode. Clothier,icon_1920
175,-31.94959854,115.8586115,Samuel Goode. Clothier,icon_1920
177,-31.94949806,115.8585097,Samuel Goode. Clothier,icon_1920
291,-31.9469162,115.8604691,Samuel Major. Butcher,icon_1920
444,-31.9434433,115.8630107,Samuel Montgomery,icon_1920
394,-31.94462709,115.8622517,Skipper Bros Grocers.,icon_1920
396,-31.94467989,115.8623864,Skipper Bros Grocers.,icon_1920
455,-31.94303863,115.8629299,Stanley E W Matthews,icon_1920
171,-31.94957601,115.8584406,"Stewart & Holmes, Furniture Dealers",icon_1920
390,-31.94474722,115.8622209,"Sun Hun, Greengrocer",icon_1920
269,-31.94740264,115.8600358,"Sutherland & son, Engineers",icon_1920
243,-31.94810804,115.8596472,"Swan Drug Co. (Fred. W E Danker, manager)",icon_1920
217,-31.94864721,115.8593911,Sydney Young. Wine Saloon,icon_1920
283,-31.94698423,115.8602296,"T A Glasson, Grocer",icon_1920
395,-31.94432963,115.8617892,Thomas H Williams,icon_1920
270,-31.9475556,115.8604356,Thomas Locke Fish Shop,icon_1920
367,-31.9449641,115.8614045,Thomas Smales,icon_1920
199,-31.94920913,115.859017,Thomas. R Loy. Pastry Cook,icon_1920
206,-31.94912718,115.8596319,Union Cafe (Mrs D Carter),icon_1920
179,-31.94959135,115.8587798,Vacant,icon_1920
194,-31.94941671,115.859287,Vacant,icon_1920
271,-31.9473071,115.8599129,W E Gladstone. Baker,icon_1920
197,-31.94920098,115.8589612,W J C Griggs. Draper,icon_1920
273,-31.94731009,115.8600155,"W J Richmond, Fruiterer & Confectioner",icon_1920
261,-31.94753858,115.8598932,W J Shaw. Bootmaker & Importer,icon_1920
318,-31.94642282,115.8611516,"W Schapira, Watchmaker; Mrs H Hayman, Fruiterer",icon_1920
405,-31.94415253,115.8620511,Walter Gaunt,icon_1920
188,-31.94951261,115.8592134,Walters and Struck - Hairdresser and Tobacconist,icon_1920
196,-31.94943879,115.8594474,"Wearne Bros, Grocers",icon_1920
195,-31.94920109,115.8588771,Weaver & Dubberlin. Bootmakers,icon_1920
265,-31.9475248,115.8599565,Western Dairy Co (William S Collings),icon_1920
238,-31.94832739,115.8599339,William Brown Saddler,icon_1920
300,-31.94684642,115.8608848,William E Gladstone,icon_1920
205,-31.94880761,115.8591788,William Flint. Tobacconist & Hairdresser,icon_1920
371,-31.94490529,115.8617602,William Francis,icon_1920
366,-31.94532404,115.8618716,William H George,icon_1920
266,-31.94762469,115.8603728,William H Jones Furniture Dealer,icon_1920
293,-31.9467985,115.8605146,William J MacKay,icon_1920
193,-31.94924855,115.858964,"William J Riley, Tobacconist & Hairdresser",icon_1920
322,-31.94624854,115.8613088,"Wm Davis, Plumber",icon_1920
324,-31.9462814,115.8615707,"Wm Davis, Plumber",icon_1920
200,-31.94924329,115.8594237,Young Brothers Wine Saloon,icon_1920
